file,cache_kb,tlb_kb,stride_bytes,average,median,p90,p95,p99,min,max,stddev,pointer_count,unique_pages_touched,page_size_bytes
latency_stride_136_tlb_0_cache_1024.json,1024,0,136,5.312963166666727,4.920833333333333,5.879166666666666,5.885520833333331,6.13752083333333,3.8625,7.3625,0.5294221415215389,7710,64,16384
latency_stride_136_tlb_0_cache_128.json,128,0,136,0.6803165000000441,0.6791666666666667,0.68125,0.68125,0.6854166666666667,0.6729166666666667,1.4895833333333335,0.02080262867876837,963,8,16384
latency_stride_136_tlb_0_cache_131072.json,131072,0,136,95.40593458333412,95.45625,96.43333333333334,96.73333333333333,97.92291666666667,92.88125,102.46875,0.9330264569897929,986895,8192,16384
latency_stride_136_tlb_0_cache_16384.json,16384,0,136,15.259689416666664,15.233333333333334,16.16875,16.283333333333335,16.61877083333333,7.535416666666667,32.18958333333333,0.8974137810222277,123361,1024,16384
latency_stride_136_tlb_0_cache_2048.json,2048,0,136,5.324130083333601,4.93125,5.889583333333333,5.897916666666666,6.116666666666666,4.68125,7.629166666666667,0.5287408707359439,15420,128,16384
latency_stride_136_tlb_0_cache_256.json,256,0,136,0.8084821666666586,0.8041666666666667,0.83125,0.8375,0.85627083333333,0.7166666666666667,1.8666666666666667,0.040713127297245,1927,16,16384
latency_stride_136_tlb_0_cache_262144.json,262144,0,136,97.5014369166676,97.61875,98.22520833333333,98.54375,99.97293749999999,95.16875,103.20208333333333,0.8306001629032399,1973790,16384,16384
latency_stride_136_tlb_0_cache_32.json,32,0,136,0.6804033333333688,0.6791666666666667,0.68125,0.68125,0.70625,0.6729166666666667,1.28125,0.01972154502388664,240,2,16384
latency_stride_136_tlb_0_cache_32768.json,32768,0,136,50.783679583332976,51.19375,57.51312500000002,62.00427083333333,68.45004166666666,22.08125,90.4875,6.164255793864698,246723,2048,16384
latency_stride_136_tlb_0_cache_4096.json,4096,0,136,6.314320166666766,6.0125,7.0375,7.08125,7.195833333333333,5.69375,9.204166666666667,0.5215347143298185,30840,256,16384
latency_stride_136_tlb_0_cache_512.json,512,0,136,5.218655750000527,4.791666666666666,5.860416666666667,5.864583333333334,6.125,4.695833333333334,7.1729166666666675,0.511572435164216,3855,32,16384
latency_stride_136_tlb_0_cache_524288.json,524288,0,136,96.90538133333368,96.73333333333333,97.56041666666667,97.96041666666666,99.31252083333332,95.975,103.42291666666667,0.5603882222124125,3947580,32768,16384
latency_stride_136_tlb_0_cache_64.json,64,0,136,0.6799363333333649,0.6791666666666667,0.68125,0.68125,0.6854166666666667,0.6729166666666667,1.24375,0.01895055973531913,481,4,16384
latency_stride_136_tlb_0_cache_65536.json,65536,0,136,91.88511683333341,91.8375,92.49375,92.85833333333333,94.27506249999999,88.92916666666666,97.03958333333334,0.6791429025416407,493447,4096,16384
latency_stride_136_tlb_0_cache_8192.json,8192,0,136,7.178268083333366,6.847916666666667,7.80625,7.839583333333333,8.11875,6.441666666666666,20.966666666666665,0.5492882901198014,61680,512,16384
latency_stride_136_tlb_1024_cache_1024.json,1024,1024,136,5.309924999999687,4.920833333333333,5.883333333333334,5.889583333333333,6.1458541666666635,4.68125,7.19375,0.5296097196545848,7710,64,16384
latency_stride_136_tlb_1024_cache_128.json,128,1024,136,0.6805745000000141,0.6791666666666667,0.68125,0.6833333333333333,0.7083333333333333,0.6729166666666667,1.63125,0.01918218795315258,963,8,16384
latency_stride_136_tlb_1024_cache_131072.json,131072,1024,136,31.79503216666667,31.835416666666667,35.202083333333334,36.22291666666667,38.45,10.872916666666667,44.14375,2.8119802968407575,986895,8192,16384
latency_stride_136_tlb_1024_cache_16384.json,16384,1024,136,6.042758500000008,6.289583333333334,6.616875000000005,6.752083333333333,9.2375,5.033333333333333,16.879166666666666,0.7588704941935723,123361,1024,16384
latency_stride_136_tlb_1024_cache_2048.json,2048,1024,136,5.271890083332738,4.8125,5.883333333333334,5.885416666666666,6.004166666666666,4.685416666666667,7.6375,0.5192827483761038,15420,128,16384
latency_stride_136_tlb_1024_cache_256.json,256,1024,136,0.7163850833333202,0.7125,0.7291666666666667,0.7333333333333333,0.7479166666666667,0.68125,1.6291666666666667,0.03133131771791412,1927,16,16384
latency_stride_136_tlb_1024_cache_262144.json,262144,1024,136,31.100295416667038,31.147916666666667,34.27520833333334,35.15833333333333,37.12302083333332,24.629166666666666,43.670833333333334,2.5248970600079694,1973790,16384,16384
latency_stride_136_tlb_1024_cache_32.json,32,1024,136,0.6803794166666864,0.6791666666666667,0.68125,0.68125,0.6854166666666667,0.6729166666666667,1.5625,0.020473382032965327,240,2,16384
latency_stride_136_tlb_1024_cache_32768.json,32768,1024,136,8.874848416666655,8.754166666666666,9.433333333333334,9.7625,12.977104166666663,6.28125,33.97083333333333,1.025559729040023,246723,2048,16384
latency_stride_136_tlb_1024_cache_4096.json,4096,1024,136,5.350371666666707,4.88125,5.927083333333334,5.9375,6.1,4.810416666666667,7.5875,0.5294511626514844,30840,256,16384
latency_stride_136_tlb_1024_cache_512.json,512,1024,136,5.276947416666806,4.89375,5.845833333333333,5.847916666666666,6.116687499999996,4.677083333333334,7.73125,0.5243362444490892,3855,32,16384
latency_stride_136_tlb_1024_cache_524288.json,524288,1024,136,30.29565916666669,30.278125,33.63333333333333,34.56666666666667,36.46885416666665,23.927083333333336,42.079166666666666,2.5939445537079364,3947580,32768,16384
latency_stride_136_tlb_1024_cache_64.json,64,1024,136,0.6799225000000318,0.6791666666666667,0.68125,0.68125,0.6854166666666667,0.6729166666666667,1.1916666666666667,0.017982137672236487,481,4,16384
latency_stride_136_tlb_1024_cache_65536.json,65536,1024,136,19.211587833333354,19.120833333333334,21.625,22.560416666666665,26.006291666666662,11.495833333333334,40.68125,2.1823013515852323,493447,4096,16384
latency_stride_136_tlb_1024_cache_8192.json,8192,1024,136,5.365297583333305,4.954166666666667,5.995833333333334,6.027083333333334,6.164604166666663,4.854166666666666,10.885416666666668,0.5207177149626027,61680,512,16384
latency_stride_136_tlb_16384_cache_1024.json,1024,16384,136,5.248086499999835,4.808333333333334,5.879166666666666,5.885416666666666,6.139583333333333,3.8458333333333337,7.666666666666667,0.5266163754169121,7710,64,16384
latency_stride_136_tlb_16384_cache_128.json,128,16384,136,0.6813550833333595,0.6791666666666667,0.68125,0.68125,0.7083333333333333,0.6729166666666667,1.6020833333333333,0.027879298605960834,963,8,16384
latency_stride_136_tlb_16384_cache_131072.json,131072,16384,136,75.35194866666674,73.64166666666667,83.95416666666667,85.16260416666665,86.67920833333332,67.89375,104.84166666666667,5.32410180009137,986895,8192,16384
latency_stride_136_tlb_16384_cache_16384.json,16384,16384,136,14.205673666666657,14.041666666666666,15.010416666666666,15.085416666666665,15.408354166666665,7.158333333333333,63.22291666666666,0.9077671111557736,123361,1024,16384
latency_stride_136_tlb_16384_cache_2048.json,2048,16384,136,5.28472291666704,4.820833333333334,5.89375,5.897916666666666,6.075,4.697916666666666,7.741666666666667,0.5259585651988945,15420,128,16384
latency_stride_136_tlb_16384_cache_256.json,256,16384,136,0.7548881666666594,0.75,0.7729166666666667,0.7791666666666667,0.8708333333333333,0.7020833333333333,1.7145833333333331,0.04122916394114836,1927,16,16384
latency_stride_136_tlb_16384_cache_262144.json,262144,16384,136,75.45156033333302,73.828125,83.98145833333334,85.16458333333334,86.71670833333333,67.99583333333334,92.80833333333334,5.263372408028056,1973790,16384,16384
latency_stride_136_tlb_16384_cache_32.json,32,16384,136,0.6800555833333686,0.6791666666666667,0.68125,0.68125,0.69375,0.6729166666666667,1.2145833333333333,0.0182090007392931,240,2,16384
latency_stride_136_tlb_16384_cache_32768.json,32768,16384,136,46.221356999999834,46.35416666666667,51.49604166666667,53.7840625,61.58156249999995,7.4625,81.7375,5.088590584879252,246723,2048,16384
latency_stride_136_tlb_16384_cache_4096.json,4096,16384,136,6.412981583333404,6.720833333333333,7.05,7.097916666666667,7.2125,5.7125,9.525,0.5198346862092533,30840,256,16384
latency_stride_136_tlb_16384_cache_512.json,512,16384,136,5.291698166666666,4.908333333333333,5.864583333333334,5.922916666666667,6.166666666666666,4.739583333333334,7.48125,0.5276088383279203,3855,32,16384
latency_stride_136_tlb_16384_cache_524288.json,524288,16384,136,75.43586749999993,73.6625,84.10416666666666,85.39166666666667,86.99806249999997,67.57708333333333,95.825,5.317989491106227,3947580,32768,16384
latency_stride_136_tlb_16384_cache_64.json,64,16384,136,0.6797731666667032,0.6791666666666667,0.68125,0.68125,0.6854166666666667,0.6729166666666667,1.2145833333333333,0.016456896708104532,481,4,16384
latency_stride_136_tlb_16384_cache_65536.json,65536,16384,136,75.60269749999993,74.05625,84.18145833333334,85.45625,86.81043749999999,67.51041666666666,92.59583333333333,5.322534665571703,493447,4096,16384
latency_stride_136_tlb_16384_cache_8192.json,8192,16384,136,7.541619583333352,7.1416666666666675,8.125,8.1625,8.383333333333333,6.508333333333334,21.8625,0.5584356070113852,61680,512,16384
latency_stride_136_tlb_16_cache_1024.json,1024,16,136,4.888581666666811,4.48125,5.470833333333333,5.504166666666666,5.770833333333334,4.4,7.614583333333333,0.48746812211001295,7710,64,16384
latency_stride_136_tlb_16_cache_128.json,128,16,136,0.6846614166666622,0.6791666666666667,0.70625,0.7083333333333333,0.7104166666666667,0.6729166666666667,1.6479166666666667,0.021315813796979378,963,8,16384
latency_stride_136_tlb_16_cache_131072.json,131072,16,136,25.93249491666661,25.93125,26.43333333333333,26.61875,27.26458333333333,10.397916666666667,30.37708333333333,0.8525395755148906,986895,8192,16384
latency_stride_136_tlb_16_cache_16384.json,16384,16,136,5.24019683333334,5.158333333333333,5.74375,6.479270833333331,7.402124999999993,4.577083333333333,13.579166666666666,0.6752026325320515,123361,1024,16384
latency_stride_136_tlb_16_cache_2048.json,2048,16,136,4.960496916666589,4.710416666666666,5.466666666666667,5.472916666666666,5.685416666666667,4.352083333333334,7.695833333333333,0.4927559503006483,15420,128,16384
latency_stride_136_tlb_16_cache_256.json,256,16,136,1.3280683333333367,1.3229166666666665,1.3645833333333335,1.3791666666666667,1.6521041666666632,1.1604166666666667,2.3625,0.059550927339231646,1927,16,16384
latency_stride_136_tlb_16_cache_262144.json,262144,16,136,26.011112499999992,25.983333333333334,26.489583333333332,26.6625,27.17291666666667,17.008333333333333,29.758333333333333,0.4039054350064665,1973790,16384,16384
latency_stride_136_tlb_16_cache_32.json,32,16,136,0.6801004166666975,0.6791666666666667,0.68125,0.68125,0.6854166666666667,0.6729166666666667,1.2770833333333333,0.020441758370528168,240,2,16384
latency_stride_136_tlb_16_cache_32768.json,32768,16,136,5.881233083333323,5.842708333333333,6.333333333333334,6.48125,7.727291666666633,5.19375,26.31458333333333,0.729469523430096,246723,2048,16384
latency_stride_136_tlb_16_cache_4096.json,4096,16,136,4.921571916666731,4.514583333333333,5.491666666666666,5.5,5.616666666666666,4.470833333333333,6.95,0.47598274511632943,30840,256,16384
latency_stride_136_tlb_16_cache_512.json,512,16,136,4.850322333333327,4.454166666666667,5.452083333333333,5.46875,5.725,4.358333333333333,7.2375,0.4821551900975047,3855,32,16384
latency_stride_136_tlb_16_cache_524288.json,524288,16,136,26.336606666666736,26.32916666666667,27.0125,27.17291666666667,27.602083333333333,24.945833333333333,29.727083333333333,0.5407878319464925,3947580,32768,16384
latency_stride_136_tlb_16_cache_64.json,64,16,136,0.6800930833333637,0.6791666666666667,0.68125,0.68125,0.6895833333333333,0.6729166666666667,1.30625,0.020545641728599323,481,4,16384
latency_stride_136_tlb_16_cache_65536.json,65536,16,136,11.599881833333265,11.397916666666667,12.804375000000006,13.389583333333334,19.84375,8.860416666666667,27.616666666666667,1.5828715756893654,493447,4096,16384
latency_stride_136_tlb_16_cache_8192.json,8192,16,136,5.071463500000015,5.48125,5.5625,5.58125,5.76875,4.51875,7.472916666666667,0.49126723891660423,61680,512,16384
latency_stride_136_tlb_256_cache_1024.json,1024,256,136,5.24597958333323,4.910416666666666,5.8,5.854166666666666,6.06875,4.597916666666666,7.304166666666667,0.5179001150158695,7710,64,16384
latency_stride_136_tlb_256_cache_128.json,128,256,136,0.6804952500000208,0.6791666666666667,0.68125,0.6833333333333333,0.6895833333333333,0.6729166666666667,1.5770833333333334,0.022684384885525006,963,8,16384
latency_stride_136_tlb_256_cache_131072.json,131072,256,136,31.996512916666443,32.00833333333333,33.3,33.702083333333334,34.49375,11.002083333333333,36.920833333333334,1.359212207820857,986895,8192,16384
latency_stride_136_tlb_256_cache_16384.json,16384,256,136,5.898439333333308,5.525,6.527083333333334,6.727187499999998,8.345854166666664,5.047916666666667,16.91875,0.692363717129957,123361,1024,16384
latency_stride_136_tlb_256_cache_2048.json,2048,256,136,5.180666333332959,4.745833333333334,5.80625,5.810416666666667,6.050020833333329,4.683333333333334,8.25625,0.5150170142208782,15420,128,16384
latency_stride_136_tlb_256_cache_256.json,256,256,136,0.7004718333334103,0.6958333333333333,0.7083333333333333,0.7125,0.7291666666666667,0.6791666666666667,1.6,0.036468874898301064,1927,16,16384
latency_stride_136_tlb_256_cache_262144.json,262144,256,136,31.68668191666645,31.6375,32.96875,33.39177083333333,34.18541666666667,5.922916666666667,39.18958333333333,0.997215757057017,1973790,16384,16384
latency_stride_136_tlb_256_cache_32.json,32,256,136,0.6800225000000276,0.6791666666666667,0.68125,0.68125,0.7041666666666667,0.6729166666666667,1.2916666666666665,0.01752338632169577,240,2,16384
latency_stride_136_tlb_256_cache_32768.json,32768,256,136,8.050288250000001,8.008333333333333,8.668958333333338,8.847916666666666,12.15627083333333,5.752083333333333,34.08125,1.0313891612794037,246723,2048,16384
latency_stride_136_tlb_256_cache_4096.json,4096,256,136,5.30076500000017,5.747916666666667,5.827083333333333,5.839583333333334,6.09375,4.7375,7.027083333333333,0.5254929415975425,30840,256,16384
latency_stride_136_tlb_256_cache_512.json,512,256,136,5.2160504166667,4.735416666666667,5.7875,5.84375,6.085437499999996,4.61875,7.439583333333333,0.5244766679049294,3855,32,16384
latency_stride_136_tlb_256_cache_524288.json,524288,256,136,31.683669666666592,31.65625,32.87291666666667,33.2375,33.99375,27.945833333333333,37.53333333333333,0.9251241196133603,3947580,32768,16384
latency_stride_136_tlb_256_cache_64.json,64,256,136,0.6808080000000313,0.6791666666666667,0.68125,0.68125,0.7083333333333333,0.6729166666666667,1.4666666666666666,0.021784886002437505,481,4,16384
latency_stride_136_tlb_256_cache_65536.json,65536,256,136,17.83535341666665,17.654166666666665,19.84375,21.062604166666667,26.850062499999993,12.270833333333332,34.84583333333333,2.193063614416385,493447,4096,16384
latency_stride_136_tlb_256_cache_8192.json,8192,256,136,5.294865249999904,4.914583333333334,5.960416666666666,5.9875,6.189583333333333,4.74375,8.985416666666667,0.5284948562082545,61680,512,16384
latency_stride_136_tlb_32768_cache_1024.json,1024,32768,136,5.274129416665922,4.808333333333334,5.88125,5.933333333333334,6.164583333333334,4.683333333333334,7.195833333333333,0.5252146157461692,7710,64,16384
latency_stride_136_tlb_32768_cache_128.json,128,32768,136,0.6800535000000341,0.6791666666666667,0.68125,0.68125,0.6854166666666667,0.6729166666666667,1.4770833333333333,0.01966085266443955,963,8,16384
latency_stride_136_tlb_32768_cache_131072.json,131072,32768,136,87.07023266666658,87.4625,90.38541666666666,91.21666666666667,92.1875,17.264583333333334,96.75625,2.9138030703555517,986895,8192,16384
latency_stride_136_tlb_32768_cache_16384.json,16384,32768,136,13.991466999999988,14.052083333333334,14.30625,14.364583333333334,14.762645833333309,7.925,63.16458333333334,0.8334092496170831,123361,1024,16384
latency_stride_136_tlb_32768_cache_2048.json,2048,32768,136,5.174958333332238,4.811458333333333,5.885416666666666,5.8875,6.004166666666666,4.689583333333333,7.1,0.49937711732577544,15420,128,16384
latency_stride_136_tlb_32768_cache_256.json,256,32768,136,0.7085684166666798,0.7041666666666667,0.7229166666666667,0.7291666666666667,0.7791874999999967,0.68125,1.725,0.03530373622390295,1927,16,16384
latency_stride_136_tlb_32768_cache_262144.json,262144,32768,136,87.0357892499999,87.42916666666666,90.42083333333333,91.15625,92.21458333333334,80.18125,96.32916666666667,2.7858721415516943,1973790,16384,16384
latency_stride_136_tlb_32768_cache_32.json,32,32768,136,0.6798577500000375,0.6791666666666667,0.68125,0.68125,0.6854166666666667,0.6729166666666667,1.1729166666666666,0.017677679577066695,240,2,16384
latency_stride_136_tlb_32768_cache_32768.json,32768,32768,136,50.86185016666654,51.579166666666666,57.41875,61.698125,68.53335416666665,21.608333333333334,91.81041666666667,6.332068026693807,246723,2048,16384
latency_stride_136_tlb_32768_cache_4096.json,4096,32768,136,6.41065083333328,6.683333333333333,7.091666666666667,7.1104166666666675,7.214583333333333,5.708333333333334,9.016666666666667,0.5301093509808956,30840,256,16384
latency_stride_136_tlb_32768_cache_512.json,512,32768,136,4.804296916666645,4.7875,5.858333333333333,5.8625,6.133354166666663,3.083333333333333,7.2375,0.8963154336823688,3855,32,16384
latency_stride_136_tlb_32768_cache_524288.json,524288,32768,136,86.95281541666613,87.31666666666666,90.18958333333333,91.08125,91.91041666666666,80.12708333333333,100.60833333333333,2.725373769196825,3947580,32768,16384
latency_stride_136_tlb_32768_cache_64.json,64,32768,136,0.68019700000002,0.6791666666666667,0.68125,0.68125,0.7041666666666667,0.6729166666666667,1.2708333333333335,0.01983898703660166,481,4,16384
latency_stride_136_tlb_32768_cache_65536.json,65536,32768,136,87.05578449999949,87.46041666666666,90.30416666666666,91.02916666666667,91.96252083333333,76.43333333333334,98.8125,2.697626686616174,493447,4096,16384
latency_stride_136_tlb_32768_cache_8192.json,8192,32768,136,7.1831280000001225,6.987500000000001,7.80625,7.835416666666667,8.010437499999998,6.433333333333334,15.366666666666665,0.5432304970491338,61680,512,16384
latency_stride_136_tlb_4096_cache_1024.json,1024,4096,136,5.375969583333617,5.81875,5.879166666666666,5.933333333333334,6.175,4.71875,7.616666666666667,0.5299303191245707,7710,64,16384
latency_stride_136_tlb_4096_cache_128.json,128,4096,136,0.6805686666666915,0.6791666666666667,0.68125,0.68125,0.6895833333333333,0.6729166666666667,1.6458333333333333,0.02236847127459642,963,8,16384
latency_stride_136_tlb_4096_cache_131072.json,131072,4096,136,35.401127500000044,36.39375,41.87916666666667,42.62916666666667,44.283458333333314,19.541666666666664,69.7375,5.7059433481291855,986895,8192,16384
latency_stride_136_tlb_4096_cache_16384.json,16384,4096,136,10.189086333333316,10.19375,10.89604166666667,11.129166666666666,12.466666666666667,5.829166666666667,27.93333333333333,0.7478204377586288,123361,1024,16384
latency_stride_136_tlb_4096_cache_2048.json,2048,4096,136,4.818654749999895,4.502083333333333,5.4875,5.495833333333334,5.83125,4.1625,6.875,0.4912610026461949,15420,128,16384
latency_stride_136_tlb_4096_cache_256.json,256,4096,136,0.8030624999999842,0.8,0.8145833333333333,0.8208333333333334,0.9208541666666634,0.7145833333333333,2.1083333333333334,0.041872204417582645,1927,16,16384
latency_stride_136_tlb_4096_cache_262144.json,262144,4096,136,34.75429041666669,35.721875,41.05833333333333,41.91458333333333,45.5418958333333,22.0625,73.88125,5.757617296908919,1973790,16384,16384
latency_stride_136_tlb_4096_cache_32.json,32,4096,136,0.6800232500000216,0.6791666666666667,0.68125,0.68125,0.70625,0.6729166666666667,1.2875,0.01743821807078977,240,2,16384
latency_stride_136_tlb_4096_cache_32768.json,32768,4096,136,21.789894583333304,21.658333333333335,24.48125,25.4625,28.210416666666667,8.708333333333332,56.010416666666664,2.4756041504527744,246723,2048,16384
latency_stride_136_tlb_4096_cache_4096.json,4096,4096,136,6.355110250000047,6.127083333333333,7.060416666666667,7.083333333333333,7.195833333333333,5.679166666666666,8.695833333333333,0.5300545279969965,30840,256,16384
latency_stride_136_tlb_4096_cache_512.json,512,4096,136,5.1793760833342395,4.7875,5.85625,5.858333333333333,6.070854166666663,4.6875,7.404166666666667,0.5063392407992064,3855,32,16384
latency_stride_136_tlb_4096_cache_524288.json,524288,4096,136,34.88970758333302,35.87916666666667,41.25208333333333,42.04604166666667,43.787645833333315,20.129166666666666,70.24583333333334,5.661364280374277,3947580,32768,16384
latency_stride_136_tlb_4096_cache_64.json,64,4096,136,0.680087750000019,0.6791666666666667,0.68125,0.68125,0.6854166666666667,0.6729166666666667,1.3354166666666667,0.0201561519263479,481,4,16384
latency_stride_136_tlb_4096_cache_65536.json,65536,4096,136,34.03550258333344,34.0,39.62291666666667,41.298125,44.79170833333333,8.291666666666668,65.6625,4.465199214103823,493447,4096,16384
latency_stride_136_tlb_4096_cache_8192.json,8192,4096,136,6.515802083333351,6.133333333333334,7.16875,7.191666666666667,7.347916666666667,5.7125,13.575,0.537486390009233,61680,512,16384
latency_stride_32_tlb_0_cache_1024.json,1024,0,32,5.066275999999394,5.4875,5.55,5.55625,5.81875,4.516666666666667,7.18125,0.4946735108431139,32768,64,16384
latency_stride_32_tlb_0_cache_128.json,128,0,32,0.6892785833333245,0.6875,0.6916666666666667,0.69375,0.70625,0.6791666666666667,2.025,0.027328899959964934,4096,8,16384
latency_stride_32_tlb_0_cache_131072.json,131072,0,32,86.40415175000022,86.24583333333334,87.29583333333333,87.92510416666666,89.62291666666667,83.79166666666666,94.575,0.8409717942582212,4194304,8192,16384
latency_stride_32_tlb_0_cache_16384.json,16384,0,32,10.010656916666681,9.672916666666667,10.625,10.7125,11.304229166666657,8.977083333333333,26.145833333333336,0.6576455716546947,524288,1024,16384
latency_stride_32_tlb_0_cache_2048.json,2048,0,32,5.178825916666626,4.802083333333334,5.727083333333334,5.735416666666667,5.966666666666667,4.533333333333333,7.63125,0.5111127833112126,65536,128,16384
latency_stride_32_tlb_0_cache_256.json,256,0,32,3.880851916666936,4.1875,4.254166666666666,4.260416666666666,4.377083333333333,3.4625,5.570833333333334,0.36764995442381354,8192,16,16384
latency_stride_32_tlb_0_cache_262144.json,262144,0,32,91.3184526666669,91.15,92.00208333333333,92.47302083333332,93.97714583333332,90.21041666666666,100.95625,0.6320161894105081,8388608,16384,16384
latency_stride_32_tlb_0_cache_32.json,32,0,32,0.714285416666628,0.6791666666666667,0.7604166666666667,0.96875,1.2791666666666666,0.6729166666666667,1.6375,0.12123769720490936,1024,2,16384
latency_stride_32_tlb_0_cache_32768.json,32768,0,32,45.64777449999989,45.19375,48.0125,49.452083333333334,53.752270833333306,39.06458333333333,72.31041666666667,2.141344760986302,1048576,2048,16384
latency_stride_32_tlb_0_cache_4096.json,4096,0,32,6.404770250000041,5.979166666666666,7.008333333333333,7.033333333333333,7.2125,5.791666666666666,9.25625,0.518063675101454,131072,256,16384
latency_stride_32_tlb_0_cache_512.json,512,0,32,4.621189999999996,4.239583333333334,5.1625,5.16875,5.475020833333329,4.2125,77.51458333333333,0.6468453979660711,16384,32,16384
latency_stride_32_tlb_0_cache_524288.json,524288,0,32,94.72304999999929,94.36458333333334,96.26041666666666,96.96458333333334,97.91252083333332,93.62083333333334,102.14375,0.9476032221432823,16777216,32768,16384
latency_stride_32_tlb_0_cache_64.json,64,0,32,0.6800004166667152,0.6791666666666667,0.68125,0.68125,0.6854166666666667,0.6729166666666667,1.8791666666666669,0.01974981042312064,2048,4,16384
latency_stride_32_tlb_0_cache_65536.json,65536,0,32,75.26245274999975,75.20625,77.28333333333333,78.17927083333332,80.4689583333333,69.48541666666667,98.04375,1.732866744167328,2097152,4096,16384
latency_stride_32_tlb_0_cache_8192.json,8192,0,32,7.1894044166667275,6.85,7.739583333333333,7.79375,8.164583333333333,6.504166666666666,14.020833333333334,0.5457638946212304,262144,512,16384
latency_stride_32_tlb_1024_cache_1024.json,1024,1024,32,4.910972999999625,4.55625,5.5625,5.56875,5.775,4.522916666666666,7.0791666666666675,0.47823107553604266,32768,64,16384
latency_stride_32_tlb_1024_cache_128.json,128,1024,32,0.6899019166666692,0.6875,0.6916666666666667,0.69375,0.725,0.6791666666666667,1.7854166666666669,0.031446124065309916,4096,8,16384
latency_stride_32_tlb_1024_cache_131072.json,131072,1024,32,11.514970916666659,13.195833333333333,15.395833333333334,15.75625,16.4375,5.704166666666667,23.104166666666664,3.6624788138364663,4194304,8192,16384
latency_stride_32_tlb_1024_cache_16384.json,16384,1024,32,5.171157333333331,4.758333333333334,5.929166666666666,6.41875,7.1416666666666675,4.529166666666667,12.577083333333333,0.6624901186791144,524288,1024,16384
latency_stride_32_tlb_1024_cache_2048.json,2048,1024,32,5.098824999999938,5.49375,5.56875,5.575,5.772958333333326,4.516666666666667,7.416666666666667,0.49480423856244155,65536,128,16384
latency_stride_32_tlb_1024_cache_256.json,256,1024,32,3.839443249999932,3.53125,4.26875,4.277083333333334,4.541666666666666,3.3958333333333335,5.622916666666667,0.3647193655332967,8192,16,16384
latency_stride_32_tlb_1024_cache_262144.json,262144,1024,32,11.402479166666652,12.98125,15.345833333333335,15.900104166666665,17.108333333333334,4.75625,22.016666666666666,3.7096613129500486,8388608,16384,16384
latency_stride_32_tlb_1024_cache_32.json,32,1024,32,0.6803887500000289,0.6791666666666667,0.68125,0.68125,0.70625,0.6729166666666667,1.2,0.018081191480077224,1024,2,16384
latency_stride_32_tlb_1024_cache_32768.json,32768,1024,32,8.18932699999998,7.5791666666666675,11.266875000000006,12.595937499999998,14.43752083333333,5.54375,18.239583333333336,2.277705451894369,1048576,2048,16384
latency_stride_32_tlb_1024_cache_4096.json,4096,1024,32,4.888817416666715,4.577083333333333,5.570833333333334,5.589583333333334,5.75,4.516666666666667,6.533333333333333,0.4637404814736945,131072,256,16384
latency_stride_32_tlb_1024_cache_512.json,512,1024,32,4.722798499999695,5.110416666666667,5.170833333333333,5.235416666666667,5.472916666666666,4.214583333333334,6.697916666666667,0.4613016823116328,16384,32,16384
latency_stride_32_tlb_1024_cache_524288.json,524288,1024,32,10.587820416666618,12.244791666666668,14.495833333333334,14.96677083333333,16.05625,4.772916666666666,20.364583333333336,3.694204051466933,16777216,32768,16384
latency_stride_32_tlb_1024_cache_64.json,64,1024,32,0.6800979166666948,0.6791666666666667,0.68125,0.68125,0.6895833333333333,0.6729166666666667,1.7479166666666668,0.019257579766054612,2048,4,16384
latency_stride_32_tlb_1024_cache_65536.json,65536,1024,32,10.535373499999944,12.09375,14.427291666666672,14.95625,16.35627083333333,4.629166666666666,20.80625,3.6818735769755024,2097152,4096,16384
latency_stride_32_tlb_1024_cache_8192.json,8192,1024,32,5.097582416666694,5.4875,5.595833333333333,5.633333333333334,5.81875,4.5125,9.939583333333333,0.4992113057223373,262144,512,16384
latency_stride_32_tlb_16384_cache_1024.json,1024,16384,32,4.989370083333272,4.545833333333333,5.541666666666666,5.585416666666666,5.825,4.495833333333334,6.914583333333333,0.4939446301262016,32768,64,16384
latency_stride_32_tlb_16384_cache_128.json,128,16384,32,0.7071475833333132,0.7041666666666667,0.7208333333333333,0.7270833333333333,0.7395833333333333,0.68125,1.85625,0.03250246737245531,4096,8,16384
latency_stride_32_tlb_16384_cache_131072.json,131072,16384,32,29.15063041666667,22.365625,58.87520833333334,70.22749999999996,80.96672916666665,8.920833333333333,86.86458333333334,19.22904753001284,4194304,8192,16384
latency_stride_32_tlb_16384_cache_16384.json,16384,16384,32,14.759333416666765,10.7875,16.38979166666667,41.321458333333325,80.25093749999985,8.697916666666668,501.3708333333333,15.59883231980543,524288,1024,16384
latency_stride_32_tlb_16384_cache_2048.json,2048,16384,32,5.058483333333385,4.695833333333334,5.73125,5.74375,5.897937499999996,4.504166666666666,7.4229166666666675,0.49703611635645406,65536,128,16384
latency_stride_32_tlb_16384_cache_256.json,256,16384,32,3.9507810833333283,4.233333333333333,4.28125,4.289583333333334,4.520833333333334,3.3208333333333337,5.522916666666666,0.3619064460067459,8192,16,16384
latency_stride_32_tlb_16384_cache_262144.json,262144,16384,32,29.257948750000153,22.522916666666667,58.773750000000014,70.37135416666666,81.03127083333332,8.983333333333333,89.46875,19.17261602610273,8388608,16384,16384
latency_stride_32_tlb_16384_cache_32.json,32,16384,32,0.6801391666666878,0.6791666666666667,0.68125,0.68125,0.70625,0.6729166666666667,1.1916666666666667,0.017330767267518636,1024,2,16384
latency_stride_32_tlb_16384_cache_32768.json,32768,16384,32,34.27938074999985,33.86666666666667,54.1375,57.79177083333333,64.03970833333332,10.064583333333333,83.64791666666666,14.179398694772646,1048576,2048,16384
latency_stride_32_tlb_16384_cache_4096.json,4096,16384,32,6.434884083333327,6.045833333333333,7.01875,7.039583333333333,7.239583333333333,5.7875,9.054166666666667,0.5224517581780103,131072,256,16384
latency_stride_32_tlb_16384_cache_512.json,512,16384,32,4.716966750000277,4.521875,5.191666666666666,5.197916666666666,5.40625,4.23125,6.960416666666667,0.46210976840166984,16384,32,16384
latency_stride_32_tlb_16384_cache_524288.json,524288,16384,32,29.82918958333327,23.145833333333336,59.487083333333366,71.16270833333333,81.48141666666665,9.010416666666668,90.20208333333333,19.206125000021263,16777216,32768,16384
latency_stride_32_tlb_16384_cache_64.json,64,16384,32,0.6811448333333588,0.6791666666666667,0.68125,0.6833333333333333,0.7083333333333333,0.6729166666666667,1.45625,0.0226644095271159,2048,4,16384
latency_stride_32_tlb_16384_cache_65536.json,65536,16384,32,29.13868383333333,22.366666666666667,58.84395833333334,70.15645833333333,80.94172916666665,8.8875,85.93958333333333,19.284368479490276,2097152,4096,16384
latency_stride_32_tlb_16384_cache_8192.json,8192,16384,32,7.15452016666665,6.716666666666667,7.7645833333333325,7.791666666666667,8.054166666666667,6.533333333333333,15.141666666666666,0.5346213134620877,262144,512,16384
latency_stride_32_tlb_16_cache_1024.json,1024,16,32,2.649792333333343,2.7875,2.8666666666666667,2.879166666666667,3.0479374999999966,2.285416666666667,3.65,0.22175032925594687,32768,64,16384
latency_stride_32_tlb_16_cache_128.json,128,16,32,0.7354007499999755,0.7354166666666667,0.7458333333333333,0.7479166666666667,0.7541666666666667,0.6833333333333333,2.020833333333333,0.027974473251029426,4096,8,16384
latency_stride_32_tlb_16_cache_131072.json,131072,16,32,6.740591666666679,6.720833333333333,7.002083333333333,7.102083333333333,7.414583333333333,5.977083333333334,9.79375,0.23717439302461882,4194304,8192,16384
latency_stride_32_tlb_16_cache_16384.json,16384,16,32,3.1955510000000085,3.25625,3.5125,3.5604166666666663,3.74375,2.4208333333333334,5.447916666666666,0.3016279569194814,524288,1024,16384
latency_stride_32_tlb_16_cache_2048.json,2048,16,32,2.6001278333333038,2.427083333333333,2.86875,2.8833333333333333,3.08125,2.283333333333333,3.96875,0.22959051435890088,65536,128,16384
latency_stride_32_tlb_16_cache_256.json,256,16,32,2.616599833333423,2.754166666666667,2.83125,2.841666666666667,2.95625,2.2958333333333334,3.6729166666666666,0.2192639585777907,8192,16,16384
latency_stride_32_tlb_16_cache_262144.json,262144,16,32,6.8241950833333105,6.814583333333333,7.035416666666667,7.1104166666666675,7.308333333333333,6.335416666666666,9.777083333333334,0.17825854368458743,8388608,16384,16384
latency_stride_32_tlb_16_cache_32.json,32,16,32,0.679954500000032,0.6791666666666667,0.68125,0.68125,0.6854166666666667,0.6729166666666667,1.4791666666666665,0.01930433680238974,1024,2,16384
latency_stride_32_tlb_16_cache_32768.json,32768,16,32,3.087627083333327,3.064583333333333,3.2958333333333334,3.6479166666666663,6.35627083333333,2.504166666666667,8.054166666666667,0.5763029792474678,1048576,2048,16384
latency_stride_32_tlb_16_cache_4096.json,4096,16,32,2.59516641666662,2.447916666666667,2.88125,2.9,3.03125,2.354166666666667,3.5541666666666663,0.21659729985555634,131072,256,16384
latency_stride_32_tlb_16_cache_512.json,512,16,32,2.502606500000092,2.3625,2.8,2.808333333333333,2.9229166666666666,2.189583333333333,4.308333333333334,0.21381074843909842,16384,32,16384
latency_stride_32_tlb_16_cache_524288.json,524288,16,32,6.798374333333304,6.7875,7.008333333333333,7.085416666666667,7.28125,6.2625,9.420833333333333,0.17621662507443414,16777216,32768,16384
latency_stride_32_tlb_16_cache_64.json,64,16,32,0.6846536666666712,0.6791666666666667,0.70625,0.7083333333333333,0.7166666666666667,0.6729166666666667,1.2583333333333333,0.02300350450846233,2048,4,16384
latency_stride_32_tlb_16_cache_65536.json,65536,16,32,4.507018916666652,4.383333333333334,4.972916666666666,5.339583333333334,6.78125,3.16875,8.025,0.5028751308161123,2097152,4096,16384
latency_stride_32_tlb_16_cache_8192.json,8192,16,32,2.5795983333332235,2.44375,2.879166666666667,2.904166666666667,2.9854166666666666,2.341666666666667,4.510416666666666,0.21610540073227708,262144,512,16384
latency_stride_32_tlb_256_cache_1024.json,1024,256,32,4.100693000000017,3.8270833333333334,4.545833333333333,4.577083333333333,4.802083333333334,3.65625,5.795833333333333,0.3946520304106197,32768,64,16384
latency_stride_32_tlb_256_cache_128.json,128,256,32,0.6915260833333811,0.6895833333333333,0.69375,0.6958333333333333,0.7104166666666667,0.6770833333333333,1.7833333333333332,0.027269560045840836,4096,8,16384
latency_stride_32_tlb_256_cache_131072.json,131072,256,32,10.532429583333332,10.325,12.1375,12.402083333333334,12.858354166666663,5.891666666666667,13.829166666666666,1.1659692967570106,4194304,8192,16384
latency_stride_32_tlb_256_cache_16384.json,16384,256,32,4.380918166666673,4.533333333333333,4.860416666666667,5.21875,5.725,3.7,10.197916666666668,0.48900772456230623,524288,1024,16384
latency_stride_32_tlb_256_cache_2048.json,2048,256,32,4.072333333333365,3.7854166666666664,4.560416666666667,4.591666666666667,4.70625,3.6708333333333334,5.925,0.38928460012495264,65536,128,16384
latency_stride_32_tlb_256_cache_256.json,256,256,32,3.852115583333293,3.5333333333333337,4.25625,4.266666666666667,4.458333333333334,3.4895833333333335,5.283333333333333,0.3586357234176173,8192,16,16384
latency_stride_32_tlb_256_cache_262144.json,262144,256,32,11.102329416666718,10.941666666666666,12.825,13.1334375,13.629166666666666,7.9229166666666675,15.35625,1.241441854338709,8388608,16384,16384
latency_stride_32_tlb_256_cache_32.json,32,256,32,0.6816460833333542,0.6791666666666667,0.68125,0.70625,0.7104166666666667,0.6729166666666667,1.2291666666666665,0.01941276868584049,1024,2,16384
latency_stride_32_tlb_256_cache_32768.json,32768,256,32,5.521184083333346,4.554166666666666,8.422916666666667,9.110416666666667,10.610437499999998,3.8625,13.795833333333334,1.7557607030664175,1048576,2048,16384
latency_stride_32_tlb_256_cache_4096.json,4096,256,32,4.157188666666666,4.439583333333333,4.591666666666667,4.616666666666666,4.810416666666667,3.675,6.283333333333333,0.402736437413358,131072,256,16384
latency_stride_32_tlb_256_cache_512.json,512,256,32,4.092922833333364,3.7770833333333336,4.570833333333334,4.583333333333334,4.75,3.66875,5.65625,0.3966910880973517,16384,32,16384
latency_stride_32_tlb_256_cache_524288.json,524288,256,32,10.71820083333332,10.51875,12.333333333333332,12.573020833333333,12.995854166666664,8.066666666666666,14.4125,1.173155576986774,16777216,32768,16384
latency_stride_32_tlb_256_cache_64.json,64,256,32,0.6800455833333463,0.6791666666666667,0.68125,0.68125,0.6854166666666667,0.6729166666666667,1.4083333333333334,0.018328336579640083,2048,4,16384
latency_stride_32_tlb_256_cache_65536.json,65536,256,32,10.435557999999922,10.264583333333333,12.01875,12.31875,12.83752083333333,7.14375,14.0625,1.1591347190989731,2097152,4096,16384
latency_stride_32_tlb_256_cache_8192.json,8192,256,32,4.040593166666655,3.7916666666666665,4.577083333333333,4.6125,4.825,3.6583333333333337,5.877083333333333,0.3851784797504466,262144,512,16384
latency_stride_32_tlb_32768_cache_1024.json,1024,32768,32,5.050260916666978,5.470833333333333,5.547916666666667,5.55625,5.802083333333334,4.508333333333334,6.947916666666667,0.494209403092581,32768,64,16384
latency_stride_32_tlb_32768_cache_128.json,128,32768,32,0.7063294166666898,0.7041666666666667,0.7208333333333333,0.7270833333333333,0.7395833333333333,0.6791666666666667,1.925,0.030020624614278138,4096,8,16384
latency_stride_32_tlb_32768_cache_131072.json,131072,32768,32,55.64869841666635,52.61875,68.36312500000001,78.38770833333334,86.52504166666667,42.35208333333333,91.07708333333333,8.807957057218962,4194304,8192,16384
latency_stride_32_tlb_32768_cache_16384.json,16384,32768,32,10.073153916666659,10.246875,10.639583333333333,10.729166666666668,11.862520833333331,8.391666666666667,23.995833333333334,0.7061434286731526,524288,1024,16384
latency_stride_32_tlb_32768_cache_2048.json,2048,32768,32,5.0445046666665885,4.691666666666666,5.722916666666666,5.735416666666667,5.866666666666666,4.514583333333333,7.539583333333333,0.49218679752290584,65536,128,16384
latency_stride_32_tlb_32768_cache_256.json,256,32768,32,3.9566899999999667,4.260416666666666,4.3125,4.325,4.595854166666663,3.3520833333333337,5.929166666666666,0.3729291841509542,8192,16,16384
latency_stride_32_tlb_32768_cache_262144.json,262144,32768,32,56.15241008333332,53.24375,69.15875000000001,78.80854166666667,86.99375,38.48125,91.80833333333334,8.821369246143357,8388608,16384,16384
latency_stride_32_tlb_32768_cache_32.json,32,32768,32,0.6799235833333482,0.6791666666666667,0.68125,0.68125,0.7041666666666667,0.6729166666666667,1.2979166666666666,0.016282894329434243,1024,2,16384
latency_stride_32_tlb_32768_cache_32768.json,32768,32768,32,46.04148133333319,45.71458333333333,48.31458333333333,49.4834375,53.67297916666666,8.797916666666667,65.56875,2.131904535043204,1048576,2048,16384
latency_stride_32_tlb_32768_cache_4096.json,4096,32768,32,6.474155583333325,6.775,7.022916666666667,7.041666666666667,7.227104166666662,5.777083333333334,9.114583333333332,0.5215653382182763,131072,256,16384
latency_stride_32_tlb_32768_cache_512.json,512,32768,32,4.650188666666631,4.25,5.175,5.177083333333334,5.3875,4.2125,6.629166666666667,0.45597487483836807,16384,32,16384
latency_stride_32_tlb_32768_cache_524288.json,524288,32768,32,55.7707992500001,52.795833333333334,68.37750000000001,78.37916666666666,86.6,42.329166666666666,90.48958333333334,8.778120042940982,16777216,32768,16384
latency_stride_32_tlb_32768_cache_64.json,64,32768,32,0.6801459166666982,0.6791666666666667,0.68125,0.68125,0.6854166666666667,0.6729166666666667,1.63125,0.02038638619859855,2048,4,16384
latency_stride_32_tlb_32768_cache_65536.json,65536,32768,32,61.154450666666676,58.19583333333334,76.93979166666666,80.66270833333333,86.64383333333332,43.514583333333334,90.58333333333334,10.174330508810936,2097152,4096,16384
latency_stride_32_tlb_32768_cache_8192.json,8192,32768,32,7.155458416666666,6.770833333333333,7.74375,7.775,8.008354166666663,6.5375,13.66875,0.5290838914225072,262144,512,16384
latency_stride_32_tlb_4096_cache_1024.json,1024,4096,32,4.900514749999995,4.539583333333334,5.535416666666666,5.541666666666666,5.779166666666667,4.504166666666666,7.041666666666667,0.47890674062614585,32768,64,16384
latency_stride_32_tlb_4096_cache_128.json,128,4096,32,0.6905777500000057,0.6875,0.6916666666666667,0.69375,0.7291666666666667,0.6791666666666667,1.7645833333333332,0.03600009582459972,4096,8,16384
latency_stride_32_tlb_4096_cache_131072.json,131072,4096,32,14.828078999999958,10.59375,32.172916666666666,37.385625000000005,42.725124999999984,5.98125,60.766666666666666,9.630155199026634,4194304,8192,16384
latency_stride_32_tlb_4096_cache_16384.json,16384,4096,32,6.743265416666676,6.6125,7.4854166666666675,7.793854166666665,8.935499999999987,5.895833333333334,22.43125,0.7090228800091707,524288,1024,16384
latency_stride_32_tlb_4096_cache_2048.json,2048,4096,32,5.2327896666666165,5.570833333333334,5.73125,5.75,5.910416666666666,4.508333333333334,7.491666666666667,0.5099353675257481,65536,128,16384
latency_stride_32_tlb_4096_cache_256.json,256,4096,32,3.8213826666667328,3.5166666666666666,4.25,4.25625,4.443770833333329,3.4791666666666665,5.591666666666667,0.36076203929255074,8192,16,16384
latency_stride_32_tlb_4096_cache_262144.json,262144,4096,32,13.783895500000071,9.708333333333332,30.73625000000002,35.754375,40.65210416666666,5.9625,58.175,9.404693413991405,8388608,16384,16384
latency_stride_32_tlb_4096_cache_32.json,32,4096,32,0.6799617500000197,0.6791666666666667,0.68125,0.68125,0.6854166666666667,0.6729166666666667,1.1791666666666667,0.01785162222596438,1024,2,16384
latency_stride_32_tlb_4096_cache_32768.json,32768,4096,32,13.955787250000036,10.55,26.766875000000006,30.148020833333334,36.258374999999994,6.96875,55.3375,7.647301294297249,1048576,2048,16384
latency_stride_32_tlb_4096_cache_4096.json,4096,4096,32,6.421723749999982,5.995833333333334,7.04375,7.058333333333333,7.2875,5.83125,9.472916666666666,0.5177385228761728,131072,256,16384
latency_stride_32_tlb_4096_cache_512.json,512,4096,32,4.717199500000159,4.778124999999999,5.177083333333334,5.2375,5.45625,4.220833333333333,7.025,0.4579045885126222,16384,32,16384
latency_stride_32_tlb_4096_cache_524288.json,524288,4096,32,13.812412833333454,9.60625,31.142083333333346,36.33770833333333,40.91266666666664,5.9625,60.43125,9.548622636233965,16777216,32768,16384
latency_stride_32_tlb_4096_cache_64.json,64,4096,32,0.680153416666691,0.6791666666666667,0.68125,0.68125,0.6854166666666667,0.6729166666666667,1.4083333333333334,0.019912325113093644,2048,4,16384
latency_stride_32_tlb_4096_cache_65536.json,65536,4096,32,13.796570749999914,9.648958333333333,30.95729166666669,35.74166666666667,40.34174999999999,5.922916666666667,57.34583333333334,9.416660811017696,2097152,4096,16384
latency_stride_32_tlb_4096_cache_8192.json,8192,4096,32,6.434248333333285,5.985416666666667,7.033333333333333,7.066666666666667,7.325,5.860416666666667,31.51666666666667,0.5597519798977826,262144,512,16384
latency_stride_64_tlb_0_cache_1024.json,1024,0,64,4.900306083333389,4.525,5.502083333333333,5.510416666666666,5.86877083333333,4.170833333333333,6.904166666666667,0.5026629628896501,16384,64,16384
latency_stride_64_tlb_0_cache_128.json,128,0,64,0.7073578333333703,0.7041666666666667,0.7145833333333333,0.7166666666666667,0.7354166666666667,0.6854166666666667,1.7645833333333332,0.031060338511101234,2048,8,16384
latency_stride_64_tlb_0_cache_131072.json,131072,0,64,87.78714341666672,87.60625,88.5125,89.04177083333332,90.81045833333333,86.7,97.14166666666667,0.6871669270345752,2097152,8192,16384
latency_stride_64_tlb_0_cache_16384.json,16384,0,64,11.192691750000089,10.879166666666666,11.845833333333333,11.927083333333332,12.89379166666666,8.145833333333332,27.275,0.7576304396895686,262144,1024,16384
latency_stride_64_tlb_0_cache_2048.json,2048,0,64,5.198401749999579,4.8125,5.885416666666666,5.8875,6.052083333333334,4.485416666666667,7.583333333333333,0.5047585642655802,32768,128,16384
latency_stride_64_tlb_0_cache_256.json,256,0,64,5.287714999999702,5.714583333333334,5.779166666666667,5.8875,6.1,4.547916666666667,7.597916666666667,0.5274784399793065,4096,16,16384
latency_stride_64_tlb_0_cache_262144.json,262144,0,64,94.78043808333288,94.61041666666667,95.43125,95.9125,97.54791666666667,93.7875,101.31666666666666,0.624642694961431,4194304,16384,16384
latency_stride_64_tlb_0_cache_32.json,32,0,64,0.6800339166666932,0.6791666666666667,0.68125,0.68125,0.6854166666666667,0.6729166666666667,1.4895833333333335,0.021592831718407337,512,2,16384
latency_stride_64_tlb_0_cache_32768.json,32768,0,64,49.56222083333314,49.02291666666667,53.22708333333334,55.052083333333336,58.85214583333333,7.152083333333333,76.93125,2.8873390200109617,524288,2048,16384
latency_stride_64_tlb_0_cache_4096.json,4096,0,64,6.499826249999977,6.741666666666667,7.097916666666667,7.1104166666666675,7.3,5.770833333333334,8.925,0.5325678042886729,65536,256,16384
latency_stride_64_tlb_0_cache_512.json,512,0,64,5.2828013333336505,4.802083333333334,5.872916666666667,5.877083333333333,6.13125,4.758333333333334,7.741666666666667,0.5262436960253447,8192,32,16384
latency_stride_64_tlb_0_cache_524288.json,524288,0,64,95.5630907499991,95.26041666666666,96.84583333333333,97.14583333333334,98.16043749999999,94.37916666666666,102.64791666666666,0.8058599919089119,8388608,32768,16384
latency_stride_64_tlb_0_cache_64.json,64,0,64,0.6839043333333362,0.6791666666666667,0.70625,0.7083333333333333,0.7104166666666667,0.6729166666666667,1.36875,0.020213694064596607,1024,4,16384
latency_stride_64_tlb_0_cache_65536.json,65536,0,64,77.90086666666653,77.8875,81.3375,82.96072916666665,85.22085416666665,63.93958333333334,90.58333333333334,2.878311239144355,1048576,4096,16384
latency_stride_64_tlb_0_cache_8192.json,8192,0,64,7.172309083333218,6.7979166666666675,7.770833333333333,7.802083333333333,8.041666666666668,6.416666666666666,13.010416666666668,0.5416233575383393,131072,512,16384
latency_stride_64_tlb_1024_cache_1024.json,1024,1024,64,5.223333916665825,4.810416666666667,5.885416666666666,5.8875,6.10625,4.75625,7.66875,0.515569955541726,16384,64,16384
latency_stride_64_tlb_1024_cache_128.json,128,1024,64,0.6919555000000255,0.6895833333333333,0.69375,0.69375,0.7020833333333333,0.68125,1.9416666666666669,0.03429552546721769,2048,8,16384
latency_stride_64_tlb_1024_cache_131072.json,131072,1024,64,17.09582216666665,16.29479166666667,21.029166666666665,22.102083333333333,23.352104166666663,13.427083333333334,26.54583333333333,2.4937142900968263,2097152,8192,16384
latency_stride_64_tlb_1024_cache_16384.json,16384,1024,64,5.553243583333334,5.195833333333334,6.110416666666667,6.393854166666665,7.710437499999997,4.85625,11.866666666666667,0.6641940998149266,262144,1024,16384
latency_stride_64_tlb_1024_cache_2048.json,2048,1024,64,5.36164474999937,5.80625,5.8875,5.889583333333333,6.141666666666667,4.477083333333334,7.7666666666666675,0.5343255301829595,32768,128,16384
latency_stride_64_tlb_1024_cache_256.json,256,1024,64,5.303716333333536,5.69375,5.758333333333334,5.8625,6.066687499999996,4.629166666666666,7.720833333333333,0.5165772658857454,4096,16,16384
latency_stride_64_tlb_1024_cache_262144.json,262144,1024,64,17.106938083333347,16.21875,21.03979166666667,22.01052083333333,23.8375,13.55,28.835416666666667,2.5106765567941802,4194304,16384,16384
latency_stride_64_tlb_1024_cache_32.json,32,1024,64,0.6801243333333575,0.6791666666666667,0.68125,0.68125,0.6854166666666667,0.6729166666666667,1.2916666666666665,0.019057137373391732,512,2,16384
latency_stride_64_tlb_1024_cache_32768.json,32768,1024,64,9.632994999999982,9.625,12.929375000000006,14.318854166666664,17.541708333333325,5.322916666666666,24.445833333333333,2.7593245181212724,524288,2048,16384
latency_stride_64_tlb_1024_cache_4096.json,4096,1024,64,5.260173250000037,4.839583333333334,5.908333333333333,5.916666666666666,6.097937499999996,4.79375,7.9520833333333325,0.5191932749193919,65536,256,16384
latency_stride_64_tlb_1024_cache_512.json,512,1024,64,5.273799250000533,4.804166666666666,5.875,5.929166666666666,6.170833333333333,4.764583333333333,7.53125,0.5259288927211105,8192,32,16384
latency_stride_64_tlb_1024_cache_524288.json,524288,1024,64,16.97090916666663,16.08125,20.879166666666666,21.720833333333335,23.214812499999965,13.408333333333335,28.195833333333333,2.4252819719363594,8388608,32768,16384
latency_stride_64_tlb_1024_cache_64.json,64,1024,64,0.6799048333333697,0.6791666666666667,0.68125,0.68125,0.6854166666666667,0.6729166666666667,1.6645833333333333,0.018934398969066398,1024,4,16384
latency_stride_64_tlb_1024_cache_65536.json,65536,1024,64,17.028352833333283,16.197916666666664,21.052083333333336,22.01875,23.360437499999996,6.620833333333333,26.866666666666667,2.5267074486983456,1048576,4096,16384
latency_stride_64_tlb_1024_cache_8192.json,8192,1024,64,5.371093083333456,5.022916666666666,5.95,6.008333333333334,6.24377083333333,4.791666666666666,11.514583333333333,0.5415820349349121,131072,512,16384
latency_stride_64_tlb_16384_cache_1024.json,1024,16384,64,5.24650508333266,4.810416666666667,5.885416666666666,5.8875,6.108333333333333,4.7875,7.370833333333333,0.5216499837523135,16384,64,16384
latency_stride_64_tlb_16384_cache_128.json,128,16384,64,0.6998900000000655,0.6958333333333333,0.7041666666666667,0.70625,0.7145833333333333,0.68125,1.68125,0.03586019484406084,2048,8,16384
latency_stride_64_tlb_16384_cache_131072.json,131072,16384,64,46.16095158333324,45.141666666666666,69.31270833333333,76.63770833333334,82.67716666666666,17.570833333333333,86.71875,15.575878362488023,2097152,8192,16384
latency_stride_64_tlb_16384_cache_16384.json,16384,16384,64,11.162628166666662,11.191666666666666,11.375,11.447916666666668,12.041687499999998,8.397916666666667,33.175,0.5565221519246597,262144,1024,16384
latency_stride_64_tlb_16384_cache_2048.json,2048,16384,64,5.314053916666524,4.929166666666666,5.889583333333333,5.89375,6.1,4.479166666666666,7.977083333333333,0.5262516748689671,32768,128,16384
latency_stride_64_tlb_16384_cache_256.json,256,16384,64,5.311270250000014,5.695833333333334,5.76875,5.8625,6.0875,4.577083333333333,7.4229166666666675,0.5177796700528147,4096,16,16384
latency_stride_64_tlb_16384_cache_262144.json,262144,16384,64,46.66142058333272,45.915625000000006,69.6125,76.76875,82.83960416666666,17.929166666666667,89.54166666666666,15.49755465498654,4194304,16384,16384
latency_stride_64_tlb_16384_cache_32.json,32,16384,64,0.6799534166666996,0.6791666666666667,0.68125,0.68125,0.6854166666666667,0.6729166666666667,1.3395833333333333,0.017875831973705174,512,2,16384
latency_stride_64_tlb_16384_cache_32768.json,32768,16384,64,43.24541049999995,44.0875,53.83770833333334,56.78552083333333,61.99793749999999,15.202083333333334,80.47708333333334,8.840800331424784,524288,2048,16384
latency_stride_64_tlb_16384_cache_4096.json,4096,16384,64,6.495761500000088,6.13125,7.091666666666667,7.1125,7.316666666666667,5.758333333333334,9.0625,0.5308685607645701,65536,256,16384
latency_stride_64_tlb_16384_cache_512.json,512,16384,64,5.266497749999454,4.797916666666667,5.86875,5.872916666666667,6.054166666666666,4.75625,7.379166666666667,0.5188593435281726,8192,32,16384
latency_stride_64_tlb_16384_cache_524288.json,524288,16384,64,46.71805816666688,45.748958333333334,69.90458333333335,77.00239583333332,83.06679166666665,17.733333333333334,89.70833333333334,15.551672227787876,8388608,32768,16384
latency_stride_64_tlb_16384_cache_64.json,64,16384,64,0.6800747500000306,0.6791666666666667,0.68125,0.68125,0.6854166666666667,0.6729166666666667,1.6458333333333333,0.02011769390974661,1024,4,16384
latency_stride_64_tlb_16384_cache_65536.json,65536,16384,64,46.2779192500003,45.228125000000006,69.57145833333335,76.58604166666665,82.42085416666666,14.739583333333334,87.94166666666666,15.587514943420944,1048576,4096,16384
latency_stride_64_tlb_16384_cache_8192.json,8192,16384,64,7.144067250000084,6.73125,7.783333333333333,7.816666666666667,8.079166666666667,6.416666666666666,14.75625,0.5457862227476903,131072,512,16384
latency_stride_64_tlb_16_cache_1024.json,1024,16,64,4.605694000000044,4.947916666666666,5.04375,5.0625,5.2,4.0,6.6375,0.44424870263532934,16384,64,16384
latency_stride_64_tlb_16_cache_128.json,128,16,64,0.6935885000000266,0.6895833333333333,0.69375,0.7041666666666667,0.7479166666666667,0.6791666666666667,1.6666666666666667,0.03434602707672,2048,8,16384
latency_stride_64_tlb_16_cache_131072.json,131072,16,64,15.250000166666702,15.125,15.983333333333334,16.1334375,16.441687499999997,12.8875,19.152083333333334,0.5255435921853768,2097152,8192,16384
latency_stride_64_tlb_16_cache_16384.json,16384,16,64,4.856081666666672,4.491666666666666,5.404166666666667,5.514583333333333,6.770854166666663,4.279166666666667,11.275,0.5636307915013317,262144,1024,16384
latency_stride_64_tlb_16_cache_2048.json,2048,16,64,4.5795691666666976,4.222916666666666,5.125,5.152083333333334,5.308354166666663,4.108333333333333,6.970833333333333,0.4470196764425915,32768,128,16384
latency_stride_64_tlb_16_cache_256.json,256,16,64,4.884952249999976,5.245833333333334,5.310416666666667,5.391770833333331,5.608333333333333,4.041666666666666,7.008333333333333,0.4742043176055317,4096,16,16384
latency_stride_64_tlb_16_cache_262144.json,262144,16,64,15.090735083333337,15.06875,15.439583333333335,15.591666666666665,16.03125,14.13125,17.3125,0.30385736238985955,4194304,16384,16384
latency_stride_64_tlb_16_cache_32.json,32,16,64,0.6800447500000272,0.6791666666666667,0.68125,0.68125,0.6875,0.6729166666666667,1.30625,0.020391752106934308,512,2,16384
latency_stride_64_tlb_16_cache_32768.json,32768,16,64,5.406747583333348,5.33125,5.802083333333334,6.0939583333333305,11.460541666666646,4.597916666666666,16.675,1.0698974607938023,524288,2048,16384
latency_stride_64_tlb_16_cache_4096.json,4096,16,64,4.693380333333323,4.389583333333333,5.304166666666666,5.3375,5.508333333333334,4.177083333333334,7.247916666666667,0.46046217601853234,65536,256,16384
latency_stride_64_tlb_16_cache_512.json,512,16,64,4.548922249999989,4.222916666666666,5.133333333333334,5.160416666666666,5.379166666666666,3.8583333333333334,6.6729166666666675,0.44433642071378643,8192,32,16384
latency_stride_64_tlb_16_cache_524288.json,524288,16,64,15.12677841666663,15.116666666666665,15.45,15.560416666666665,15.858333333333334,14.308333333333334,17.354166666666664,0.26458936581188397,8388608,32768,16384
latency_stride_64_tlb_16_cache_64.json,64,16,64,0.6800680833333662,0.6791666666666667,0.68125,0.68125,0.6895833333333333,0.6729166666666667,1.6125,0.020165118692546564,1024,4,16384
latency_stride_64_tlb_16_cache_65536.json,65536,16,64,8.830570749999954,8.464583333333334,9.8,10.985416666666667,15.060416666666665,5.839583333333334,17.125,1.3790244100252345,1048576,4096,16384
latency_stride_64_tlb_16_cache_8192.json,8192,16,64,4.83489791666663,5.164583333333334,5.304166666666666,5.35,5.554166666666666,4.18125,9.19375,0.4710980606125483,131072,512,16384
latency_stride_64_tlb_256_cache_1024.json,1024,256,64,5.215342916666157,4.75,5.808333333333334,5.810416666666667,5.947916666666666,4.720833333333333,7.1625,0.5144443850407714,16384,64,16384
latency_stride_64_tlb_256_cache_128.json,128,256,64,0.6902822499999893,0.6875,0.6916666666666667,0.6916666666666667,0.6958333333333333,0.6791666666666667,1.7416666666666667,0.030295932758945845,2048,8,16384
latency_stride_64_tlb_256_cache_131072.json,131072,256,64,19.21817558333336,19.252083333333335,20.00625,20.204166666666666,20.60625,16.35625,22.104166666666664,0.6404674625014416,2097152,8192,16384
latency_stride_64_tlb_256_cache_16384.json,16384,256,64,5.4723368333333,4.997916666666667,6.05,6.45625,7.9,4.83125,17.31875,0.7026361282401595,262144,1024,16384
latency_stride_64_tlb_256_cache_2048.json,2048,256,64,5.151250499999878,4.74375,5.802083333333334,5.808333333333334,5.91875,4.710416666666666,7.970833333333333,0.5071977916404017,32768,128,16384
latency_stride_64_tlb_256_cache_256.json,256,256,64,5.276618500000188,5.6875,5.7625,5.8625,6.06875,4.65,7.63125,0.5202656444978238,4096,16,16384
latency_stride_64_tlb_256_cache_262144.json,262144,256,64,19.179213500000035,19.19375,19.975,20.210416666666667,20.729187499999995,16.791666666666664,22.533333333333335,0.6449395263362193,4194304,16384,16384
latency_stride_64_tlb_256_cache_32.json,32,256,64,0.6840279166666874,0.6791666666666667,0.70625,0.7083333333333333,0.7104166666666667,0.6729166666666667,1.2020833333333334,0.02045606115173996,512,2,16384
latency_stride_64_tlb_256_cache_32768.json,32768,256,64,11.933055250000006,13.1625,16.485416666666666,17.9334375,19.889624999999995,6.7020833333333325,22.310416666666665,3.88057179348569,524288,2048,16384
latency_stride_64_tlb_256_cache_4096.json,4096,256,64,5.3260701666668036,5.747916666666667,5.885416666666666,5.910416666666666,6.07502083333333,4.725,7.839583333333333,0.5235578713039133,65536,256,16384
latency_stride_64_tlb_256_cache_512.json,512,256,64,5.207075000000522,4.754166666666666,5.81875,5.822916666666666,6.081270833333329,4.727083333333334,7.59375,0.5229431100505095,8192,32,16384
latency_stride_64_tlb_256_cache_524288.json,524288,256,64,20.14790200000005,20.177083333333336,20.985416666666666,21.202083333333334,21.610416666666666,16.979166666666664,23.0875,0.6747791814848927,8388608,32768,16384
latency_stride_64_tlb_256_cache_64.json,64,256,64,0.6801980833333685,0.6791666666666667,0.68125,0.68125,0.6895833333333333,0.6729166666666667,1.6854166666666668,0.022127307643184123,1024,4,16384
latency_stride_64_tlb_256_cache_65536.json,65536,256,64,19.161698999999995,19.1875,20.058333333333334,20.2625,20.616687499999998,7.629166666666667,21.991666666666667,0.8627114769360328,1048576,4096,16384
latency_stride_64_tlb_256_cache_8192.json,8192,256,64,5.272677000000024,4.872916666666667,5.85,5.8625,6.129166666666666,4.720833333333333,9.420833333333333,0.5272350053496404,131072,512,16384
latency_stride_64_tlb_32768_cache_1024.json,1024,32768,64,5.232426999999363,4.8125,5.885416666666666,5.8875,6.0833541666666635,4.7875,6.83125,0.5159568160661548,16384,64,16384
latency_stride_64_tlb_32768_cache_128.json,128,32768,64,0.6926724166667252,0.6895833333333333,0.6958333333333333,0.6979166666666667,0.7041666666666667,0.68125,1.8208333333333333,0.0295836743355,2048,8,16384
latency_stride_64_tlb_32768_cache_131072.json,131072,32768,64,62.22720883333345,58.55729166666667,80.40250000000002,84.91260416666665,88.49381249999999,46.32291666666667,91.36041666666667,10.772511633587385,2097152,8192,16384
latency_stride_64_tlb_32768_cache_16384.json,16384,32768,64,11.038575250000083,10.73125,11.775,11.85625,12.597958333333326,7.9875,27.0125,0.7385274701176963,262144,1024,16384
latency_stride_64_tlb_32768_cache_2048.json,2048,32768,64,5.153750583333472,5.439583333333333,5.839583333333334,5.86875,5.96877083333333,4.479166666666666,7.227083333333333,0.5251214312572445,32768,128,16384
latency_stride_64_tlb_32768_cache_256.json,256,32768,64,5.174203333332974,4.722916666666666,5.770833333333334,5.825,6.058333333333334,4.664583333333334,7.083333333333333,0.5132918759317383,4096,16,16384
latency_stride_64_tlb_32768_cache_262144.json,262144,32768,64,61.587655250000076,58.040625000000006,79.57333333333334,84.23989583333334,87.84168749999999,44.891666666666666,93.73541666666667,10.712417251979277,4194304,16384,16384
latency_stride_64_tlb_32768_cache_32.json,32,32768,64,0.6805996666667032,0.6791666666666667,0.68125,0.68125,0.7083333333333333,0.6729166666666667,1.2833333333333334,0.019355295614407027,512,2,16384
latency_stride_64_tlb_32768_cache_32768.json,32768,32768,64,49.46581116666635,48.90833333333333,53.3875,54.8875,58.34381249999999,7.314583333333333,75.72916666666666,2.8953820917696147,524288,2048,16384
latency_stride_64_tlb_32768_cache_4096.json,4096,32768,64,6.42097325000001,6.025,7.0770833333333325,7.09375,7.214583333333333,5.739583333333334,8.8125,0.5268110958896772,65536,256,16384
latency_stride_64_tlb_32768_cache_512.json,512,32768,64,5.320453833333174,4.990625,5.870833333333334,5.925,6.129187499999996,4.75625,7.595833333333333,0.5311930220255378,8192,32,16384
latency_stride_64_tlb_32768_cache_524288.json,524288,32768,64,61.94290400000011,58.45104166666667,79.91291666666667,84.7084375,88.35210416666666,45.42916666666667,94.07916666666667,10.803811261059705,8388608,32768,16384
latency_stride_64_tlb_32768_cache_64.json,64,32768,64,0.6799726666666955,0.6791666666666667,0.68125,0.68125,0.6854166666666667,0.6729166666666667,1.4083333333333334,0.019325537875249252,1024,4,16384
latency_stride_64_tlb_32768_cache_65536.json,65536,32768,64,65.84902941666692,65.56666666666666,80.09000000000002,83.835625,87.48960416666667,41.99791666666667,90.87083333333334,10.021450432268075,1048576,4096,16384
latency_stride_64_tlb_32768_cache_8192.json,8192,32768,64,7.3300828333333845,6.970833333333333,7.929166666666667,7.9625,8.16875,6.541666666666666,19.05625,0.5561582634664112,131072,512,16384
latency_stride_64_tlb_4096_cache_1024.json,1024,4096,64,5.378148916666452,5.822916666666666,5.885416666666666,5.8875,6.1,4.783333333333333,7.6,0.5322704075567101,16384,64,16384
latency_stride_64_tlb_4096_cache_128.json,128,4096,64,0.7256776666666799,0.7104166666666667,0.7854166666666667,0.7916666666666667,0.7979166666666667,0.6833333333333333,1.9583333333333333,0.04385037661562899,2048,8,16384
latency_stride_64_tlb_4096_cache_131072.json,131072,4096,64,21.872385833333308,18.405208333333334,37.82312500000001,39.93958333333333,44.12502083333333,9.008333333333333,59.74583333333334,10.071842413812384,2097152,8192,16384
latency_stride_64_tlb_4096_cache_16384.json,16384,4096,64,7.284848166666651,7.3125,7.964583333333333,8.343854166666665,9.79375,6.05625,19.427083333333336,0.7356147967955831,262144,1024,16384
latency_stride_64_tlb_4096_cache_2048.json,2048,4096,64,5.287395500000015,4.816666666666666,5.8875,5.889583333333333,6.070833333333334,4.49375,7.504166666666667,0.5221170166646574,32768,128,16384
latency_stride_64_tlb_4096_cache_256.json,256,4096,64,5.295126333332879,5.714583333333334,5.777083333333334,5.8875,6.10627083333333,4.64375,7.197916666666667,0.5293558229836903,4096,16,16384
latency_stride_64_tlb_4096_cache_262144.json,262144,4096,64,21.85268033333332,18.146875,38.202083333333334,40.325,44.81891666666664,8.95625,56.9375,10.33881210269055,4194304,16384,16384
latency_stride_64_tlb_4096_cache_32.json,32,4096,64,0.6804349166666867,0.6791666666666667,0.68125,0.68125,0.7083333333333333,0.6729166666666667,1.2895833333333333,0.01871845035097069,512,2,16384
latency_stride_64_tlb_4096_cache_32768.json,32768,4096,64,17.87624816666658,16.409375,28.354375000000005,30.904374999999998,36.31272916666663,7.33125,60.52916666666666,7.394316183854819,524288,2048,16384
latency_stride_64_tlb_4096_cache_4096.json,4096,4096,64,6.44592816666663,6.035416666666666,7.085416666666667,7.095833333333333,7.23125,5.754166666666666,8.98125,0.5277833726317103,65536,256,16384
latency_stride_64_tlb_4096_cache_512.json,512,4096,64,5.177255583333286,4.795833333333333,5.8625,5.86875,6.01875,4.75625,7.122916666666667,0.4974873690894687,8192,32,16384
latency_stride_64_tlb_4096_cache_524288.json,524288,4096,64,22.336843333333306,18.746875,38.61895833333334,40.87708333333333,44.89795833333333,9.15,65.02083333333334,10.292168445459344,8388608,32768,16384
latency_stride_64_tlb_4096_cache_64.json,64,4096,64,0.680603083333365,0.6791666666666667,0.68125,0.68125,0.7083333333333333,0.6729166666666667,1.55,0.02103305252608345,1024,4,16384
latency_stride_64_tlb_4096_cache_65536.json,65536,4096,64,21.834552749999943,18.670833333333334,37.36666666666667,39.279270833333335,41.86254166666666,8.316666666666666,62.81458333333334,9.748639456139347,1048576,4096,16384
latency_stride_64_tlb_4096_cache_8192.json,8192,4096,64,6.532966999999946,6.186458333333333,7.114583333333333,7.14375,7.414583333333333,5.75,12.308333333333334,0.5447553895108934,131072,512,16384
